SalePrice,Id
128467.98974279316,1
161903.11666831645,2
169837.74803105576,3
183241.76603023475,4
192662.30218570915,5
171943.8734045751,6
169631.8595040647,7
164430.17811912062,8
187081.1676678411,9
123839.66945551077,10
187827.61029558204,11
111655.22100364184,12
108925.86052348354,13
152744.98483375576,14
135828.78045051327,15
329495.5501738073,16
244360.12509401294,17
273502.8235494241,18
273589.32227833674,19
412857.8138698076,20
304180.66816921934,21
208319.69708884179,22
176838.51602082755,23
170416.14333633267,24
177381.00764349184,25
190904.25169898183,26
305919.61949474266,27
231624.70305143768,28
194096.98828378954,29
202590.32866920013,30
189447.70816703106,31
104847.71794187742,32
179264.6155569972,33
272130.0919856842,34
267702.9657551671,35
211812.85513540963,36
181233.34014866184,37
161353.93760121329,38
160679.34165193792,39
149728.127622912,40
168630.64196746467,41
152015.21211788518,42
268811.3931360979,43
226972.82137931368,44
213924.7757189491,45
193348.77707699564,46
226175.13740584272,47
200328.47819606485,48
163781.64973369963,49
150499.90124931282,50
143605.96450278038,51
166731.98513716058,52
153725.04093756358,53
144652.2097609952,54
178988.92180495296,55
154386.02950478374,56
159257.59802537202,57
149822.62677473255,58
207339.16160621023,59
137454.5936436347,60
140110.8854892849,61
173980.49272246158,62
121177.70026453998,63
127760.69098445571,64
125240.93632264901,65
127268.3219080886,66
111905.44744271529,67
140926.5153764444,68
148405.2106981584,69
169346.22775960586,70
120775.79375460398,71
93701.45030572446,72
144939.40473546344,73
133899.97629034426,74
150824.98336465168,75
117082.09501586748,76
79650.19031358056,77
160301.82479186324,78
197906.40658342437,79
107894.48158055711,80
151766.47730689571,81
145304.54183084247,82
199203.38988512085,83
93624.8453682176,84
119940.53236382853,85
139037.8633242442,86
137699.618639203,87
140804.53547628585,88
118777.01993281237,89
141025.5897154504,90
126472.06391300155,91
132388.342066296,92
140628.2827262088,93
121558.24077075251,94
153330.744302817,95
104872.87981139701,96
113034.73455487075,97
91977.93887651613,98
137041.24975620952,99
127353.19594446171,100
132035.7771781027,101
126183.09024487544,102
158369.45282790164,103
148010.10483057026,104
223527.65308924596,105
93658.74601725984,106
211742.78649752843,107
133475.9443208997,108
142615.99252936995,109
112887.14256190321,110
144698.09792572324,111
223211.90582446882,112
131619.300148439,113
208785.96994202893,114
211178.72741868178,115
188757.7390226404,116
148615.08232941298,117
141213.06128955583,118
189585.55154926112,119
146543.26867596188,120
130351.93661841104,121
288318.87720099604,122
217565.28153874777,123
143657.46944237914,124
81511.98668175927,125
111940.55981922694,126
143633.80008055197,127
111999.256888431,128
143273.18904774234,129
97340.1706776813,130
129786.62333356118,131
136019.44718254812,132
119313.34868948607,133
115965.06620803873,134
230150.0454328127,135
185015.28289115033,136
197059.0203529896,137
177656.151375383,138
177671.16702382683,139
75299.63848191005,140
128841.24875980841,141
91441.45417938563,142
241728.73311744878,143
234006.19185885525,144
155002.44502996624,145
193950.0426234412,146
206622.75600561264,147
185643.7458648149,148
145015.7778222026,149
147603.36072104285,150
168071.71611122228,151
163192.16879590135,152
124261.56015089135,153
87396.74881474483,154
79469.50626655543,155
98891.36926133861,156
127846.87085320131,157
138578.02052570903,158
174240.26078396436,159
138746.381742529,160
134790.04313335018,161
238101.35388479428,162
195619.5780660757,163
133225.65652203764,164
171336.0280861653,165
177879.13420370236,166
256158.95945040614,167
173198.45026959144,168
317721.1557989586,169
218402.34512366995,170
236296.87568547332,171
170472.3306501179,172
178689.10674174922,173
172632.01260738214,174
158398.4678306288,175
180103.83181737,176
196275.09982024087,177
183712.14580312936,178
243991.67083967672,179
175167.60892696521,180
214939.6829601608,181
217980.0092999336,182
223153.8556724395,183
178331.39965872158,184
160811.35902979027,185
164532.14486110536,186
140358.43190362482,187
140253.7784598057,188
118779.56815156671,189
123413.17388310471,190
111631.08586573685,191
112885.9115416159,192
151552.4624709665,193
152374.39137204597,194
150054.9502113288,195
151947.42750971127,196
151801.16330543935,197
137910.48704282567,198
146027.29185569508,199
372069.8759591623,200
348339.43193924247,201
337028.82935623673,202
417287.0803519405,203
291560.9443070049,204
282272.4303617323,205
313020.4489473491,206
305398.5410911066,207
270995.2180680862,208
315228.0577974604,209
242407.2053887961,210
367629.6516398709,211
272143.81799507455,212
240380.7961545062,213
179660.04597993358,214
179660.32384039788,215
207908.6631687325,216
418298.8644588785,217
341952.00363431335,218
316300.54772289377,219
243642.22596462024,220
277249.6124458695,221
181158.73911619882,222
177227.75085065962,223
167570.1520728257,224
173207.3472607847,225
169092.89186745472,226
189053.21081764146,227
189973.9359677359,228
185839.4701704565,229
179106.00749217512,230
240128.90840453265,231
168852.80721289827,232
171596.022108023,233
166964.4433017133,234
250753.30863112997,235
168957.8830123334,236
312684.68229419814,237
295073.2225585637,238
216508.53949835408,239
258580.36845033072,240
247100.75734016136,241
247100.85282283986,242
256865.0857051646,243
225232.65543629354,244
363088.6796956601,245
205321.1539070533,246
202419.35769024203,247
263308.07804879686,248
219642.54278700828,249
237373.88536449012,250
259139.61017234225,251
238235.80412217957,252
216659.71391472983,253
196526.80942379817,254
183542.67110582866,255
179508.00204063012,256
129272.52916846504,257
196981.2144842682,258
236595.8144463845,259
173541.88035054135,260
120542.56314577168,261
152814.64159547133,262
203117.83011627826,263
226139.3245440711,264
180832.88896760248,265
165728.16643888038,266
182853.0667114819,267
162316.3044821596,268
154709.30680620833,269
130758.9186347002,270
131317.819382716,271
124244.41544233286,272
129815.70736394191,273
134130.17768342086,274
124911.36730273711,275
290794.6658311882,276
208576.2051724553,277
252553.6123412618,278
202149.75953368444,279
178936.09481225477,280
163209.21225768724,281
172962.70773266358,282
284675.37143271195,283
212062.87092858148,284
196027.33348045108,285
206252.8949928336,286
212890.99047807098,287
152350.58490163882,288
143437.74560200892,289
231656.75228397318,290
126808.48151214546,291
156879.6101118247,292
200449.09789357707,293
168960.10374166648,294
129919.52179216794,295
126454.10330839583,296
137116.79916760407,297
160524.95779728502,298
161424.5115683573,299
149668.9133265276,300
159163.1126433847,301
176896.15791412376,302
129726.52353110586,303
163348.3028393938,304
175933.60388113733,305
199622.4862030613,306
145315.90887107933,307
172084.68650317244,308
149842.9489726055,309
132581.59313038967,310
144586.2205582639,311
131923.7423144985,312
161806.12718879533,313
147236.52528731822,314
131616.3515045484,315
119813.54329751778,316
138527.2307149725,317
115970.90408451293,318
168526.76503060287,319
137497.38893052653,320
97793.80911719022,321
135210.27119522262,322
104171.96262206965,323
130652.25212548132,324
124062.22978251026,325
165932.47861646506,326
61638.35602893753,327
114264.93190421637,328
93036.62086135405,329
199565.50174034582,330
163689.19455268956,331
137460.63174065578,332
148171.62221869064,333
146119.58954153323,334
128655.28188780189,335
134114.20552423713,336
132238.7364414054,337
115233.66447356103,338
131955.85441859264,339
133063.5776473015,340
140642.3163607439,341
159051.01641554205,342
140985.17834248874,343
145693.04400589174,344
129051.20093690805,345
139626.4869618699,346
126338.3862390594,347
107922.53133679548,348
144726.20315558795,349
90849.61154200548,350
96347.6142140149,351
128933.92796801984,352
101928.37926039586,353
66919.3736496382,354
111741.93985225922,355
117993.04801327022,356
161680.09641904043,357
132895.94249013576,358
73602.17120682594,359
118302.1081731771,360
145703.9409887595,361
58093.51233164788,362
146489.69479593527,363
136431.9274625701,364
115298.37517439638,365
116285.6318997744,366
142114.90220775147,367
124740.48871536972,368
152674.01005464242,369
161131.99136576263,370
103077.59436493868,371
141698.84939891956,372
130214.52040514919,373
129755.34518252363,374
137316.6355225645,375
88591.1328604592,376
127693.50883788802,377
99748.62631782173,378
136205.67120263117,379
141893.60270099982,380
104686.45818764949,381
139039.54200151522,382
144006.1545382082,383
145071.48312328977,384
160313.44501394095,385
168085.52767937217,386
58339.61937594747,387
113643.59986253663,388
129750.32570887238,389
156133.32897983334,390
136005.43022344244,391
135378.72713607823,392
173291.69354794727,393
154410.13020178847,394
206029.91681924538,395
147833.18084766713,396
144619.29352968052,397
124528.92967203035,398
149982.55091235435,399
124032.99303448999,400
277815.4771516618,401
264788.8462275169,402
265963.0478701522,403
300975.68851294677,404
299506.47386329406,405
229154.1072502335,406
268247.5002355751,407
193869.106628921,408
219047.39809270203,409
241367.3758912501,410
168529.36452852312,411
217723.4920946521,412
141511.577442964,413
199839.35856590935,414
183675.27007719132,415
197957.4073177046,416
208918.1987837156,417
135252.30998060055,418
134443.8036752456,419
228114.44265704017,420
246476.2820561832,421
187471.74722842884,422
199458.16883154592,423
234956.2048939213,424
269865.4831697077,425
195767.57801558817,426
249277.434960926,427
159752.9930547101,428
130621.46060407281,429
138029.62599820967,430
111786.70487020668,431
131115.18003336043,432
130145.86803839625,433
145763.95683371605,434
132362.85020342583,435
124111.89782741303,436
125994.82894900051,437
140850.4861858487,438
153458.34764641637,439
155583.91170205674,440
147272.01200550303,441
211766.4041140898,442
148273.78536576414,443
190836.81733316532,444
156523.0943698418,445
197775.8192163969,446
121392.41570688781,447
134153.78094232327,448
129930.9844814502,449
192202.00067941757,450
284178.11455721234,451
146663.42343679589,452
80260.64089533972,453
274083.5822788543,454
76885.6177301,455
237371.0476425463,456
146205.5387589229,457
165486.34033212223,458
160414.12789309552,459
350651.0429790776,460
294357.748781057,461
195694.60834271958,462
219795.86580113656,463
196686.10466648804,464
342385.0044430784,465
137786.42481128796,466
157304.07138160325,467
125494.49150831265,468
138238.82242108573,469
141346.89985758948,470
140252.55797918086,471
158086.63516377457,472
172829.05168699555,473
164246.68283284942,474
178419.15315706114,475
180623.89874381828,476
171202.73168828216,477
240738.61168972385,478
191697.18874428817,479
174157.08115626525,480
181583.98143858084,481
204931.92445329166,482
314418.2625611183,483
343535.2218267531,484
161816.51610449518,485
280608.83889769414,486
181665.11979089442,487
231287.9125904975,488
182332.70183011174,489
230988.935659099,490
215102.94716798794,491
174977.62686492453,492
185481.03926420238,493
137186.04777991367,494
266667.23619433225,495
165919.19973375942,496
268691.68394638976,497
149798.14195942774,498
120557.9184605153,499
129121.87216089966,500
110856.07619236942,501
114950.27872349942,502
117954.68942010526,503
148598.88441341955,504
150207.412975785,505
260213.5516506391,506
363758.5518474268,507
343538.52722819656,508
371488.1995450243,509
393974.75143549696,510
325902.41018042486,511
248634.34882624858,512
284499.87777978106,513
417483.0921853837,514
250342.42178386275,515
317244.45071301446,516
324844.54913337494,517
312183.8169760629,518
197228.97824192187,519
301040.4459294041,520
212514.0988558335,521
205419.54849950425,522
170876.82138582322,523
202361.47446441528,524
199524.58070773687,525
179500.3699496418,526
172413.15848096902,527
189045.51789336975,528
203280.54897495284,529
211937.7503270336,530
200945.26278017135,531
171056.41532109882,532
219907.41496379842,533
185997.54894348083,534
245154.22515102208,535
292157.71631704475,536
292846.2802148062,537
234813.1961181527,538
288024.0377412521,539
243674.0624757488,540
220271.05160316618,541
243847.17843415856,542
243832.9174967228,543
217803.00342212335,544
221672.39374079893,545
241817.72772200522,546
197629.38849890314,547
183836.52673466812,548
190647.17056888907,549
138637.68708472082,550
177464.17626337547,551
172680.76617026445,552
177208.06684094085,553
197168.3186496856,554
183615.6264463537,555
190188.93743121054,556
131208.640600358,557
133845.91187157654,558
118291.97141860859,559
117914.92780575636,560
173059.9451077997,561
147334.0395331163,562
223394.4651243106,563
331889.0936569805,564
179749.89817373385,565
149553.53247172388,566
159104.06694726512,567
161462.56531096064,568
255153.8116601012,569
219503.76544559054,570
231900.00551328683,571
244587.3880640091,572
164961.21981097083,573
204592.11937262976,574
197040.50437946268,575
200171.86406115358,576
284587.41397277155,577
215939.159553398,578
299081.9343155104,579
254330.01117577887,580
197267.5900390728,581
172471.2957731426,582
181522.8027299804,583
202633.9739569278,584
155135.50209057558,585
144955.44857273324,586
138557.83800471367,587
155321.49113894868,588
179099.59194714605,589
112185.63725492817,590
136160.900043545,591
144451.29155595097,592
100878.62988831633,593
155813.83349003218,594
140216.30288892286,595
127357.45664163904,596
206360.27268930385,597
138619.39668912403,598
163398.29942659158,599
177719.62297126415,600
137877.02591049214,601
122974.05134823818,602
145663.30561908009,603
130244.99080575201,604
171909.21158608596,605
122872.61483710013,606
161677.2188945822,607
93955.7851063949,608
120502.89209869885,609
103175.48355071603,610
135960.24960745237,611
138960.51458107794,612
177833.73344892473,613
152482.44698061474,614
127554.81561283862,615
153678.5232120317,616
128207.07178969128,617
141859.7863275496,618
131950.70773318116,619
137819.84522232987,620
132734.556410805,621
142905.24229925498,622
118823.53361011966,623
131018.24215617958,624
125187.45587410685,625
131365.4586584674,626
111030.70998183798,627
97314.62945851154,628
129187.51631009046,629
109104.3481858534,630
128811.68891161041,631
124093.01972797165,632
117382.82496131977,633
150296.2482979447,634
94270.78832109421,635
94903.93987832879,636
146700.31504438588,637
69615.79362678093,638
84431.50731336605,639
130532.53419630657,640
142857.55637432347,641
109929.37727752952,642
139101.81119932912,643
114888.79621464455,644
78872.87071251405,645
216666.24823495536,646
124809.66593983493,647
116894.85338756916,648
138136.23228129992,649
154386.8133267287,650
147079.61716454668,651
125223.56369029915,652
126315.70703211355,653
163624.29025636098,654
122048.07279634227,655
154523.1069153334,656
135954.0978849791,657
122746.77357331183,658
116362.10510760841,659
116269.66069442518,660
97843.68882010013,661
175254.19935612095,662
139420.1741224858,663
160569.43395772448,664
139761.19000475167,665
137605.25248525816,666
112892.15439401142,667
144791.67609730538,668
145142.24143004967,669
125721.34051970649,670
136820.49324709692,671
136858.79029689505,672
107699.67783456497,673
76241.51089125856,674
121008.69605627868,675
136910.30535423208,676
157671.59728348858,677
136754.6047309292,678
147364.55257908496,679
137564.4801728912,680
146596.20064682193,681
127692.10103446677,682
137640.1389153822,683
154307.41643598158,684
147143.75738234966,685
136197.64108874285,686
142461.58025765792,687
220226.41157121636,688
135182.32732199234,689
157982.9494852673,690
103810.2173225249,691
142567.27274240754,692
235741.20259687895,693
220100.545368905,694
223541.52257538104,695
197628.7635258273,696
177186.38136256917,697
234562.6832879311,698
334133.5522962398,699
306598.7331156997,700
239343.92503524426,701
176903.4455771165,702
145575.2604124966,703
201261.95225982912,704
188371.46630776703,705
189414.61597707722,706
205124.10239659788,707
135985.24808667653,708
138870.79583464336,709
152494.29981199416,710
224740.23951026436,711
275085.2693555454,712
278223.9199447577,713
235189.1116297329,714
211340.31946286187,715
142608.3637718344,716
202108.17943897532,717
193136.2355102625,718
217898.5210565207,719
192028.23580573994,720
130358.47221385704,721
132755.42570947806,722
145339.13841000668,723
155624.37821459235,724
156044.9159125848,725
226328.39176164792,726
83801.2505211752,727
82688.70118023429,728
90527.41525698008,729
104876.58073916484,730
97457.04074995455,731
115042.76600903555,732
111019.71310276474,733
118012.13227490298,734
166741.30658708204,735
168419.6597960607,736
149703.2473216056,737
147554.60734523376,738
191458.75294100033,739
162276.55197212385,740
169761.2016270567,741
129066.18961163209,742
149397.1097612669,743
193093.37447481957,744
220926.57611784735,745
203247.04207186788,746
126701.13892503825,747
124586.63446241911,748
129081.94742582558,749
102978.53417905048,750
137249.15788589302,751
113694.64249042339,752
156451.79313014974,753
71517.28929117967,754
90081.72438758168,755
88090.35354668951,756
86678.20743658552,757
274343.44225834974,758
233923.17243463127,759
258803.60099840057,760
203724.39043405576,761
131263.46697927118,762
170990.99242772776,763
190041.3305737979,764
248758.0911742024,765
232350.54438320608,766
144754.54994432384,767
201527.98392068176,768
173774.9847422567,769
174035.0597365209,770
235946.4063398261,771
201533.4313275299,772
249845.15628163976,773
285085.79355725704,774
195563.9615564947,775
111096.79359613835,776
158612.7781559669,777
148263.9339181293,778
131069.63376340932,779
128130.57939174378,780
105747.30257034875,781
103358.01601601418,782
145526.54183776886,783
104343.2085963118,784
127895.77194346044,785
126830.76836757862,786
134078.9936002473,787
134862.5966704954,788
175678.41309172582,789
150775.87693057526,790
165661.11614007916,791
178445.0463264612,792
176753.35897832082,793
198585.50671816437,794
171094.07424342967,795
173790.63361457453,796
153519.36267862248,797
186760.14837993978,798
201608.619661673,799
313889.7301611131,800
401038.97752222803,801
167985.62967855815,802
275501.83831602114,803
330947.9295745936,804
362696.87915266963,805
152745.3420773123,806
187301.95494299437,807
210352.42512927795,808
191957.94928989257,809
164329.529545183,810
176143.02271185885,811
159915.0803127388,812
187965.39170954097,813
178337.1730000203,814
145082.0018931907,815
133547.8914107227,816
119544.99825775341,817
168219.76493042894,818
180872.15884321774,819
117025.52200457262,820
128918.29541309815,821
149874.38729035645,822
129688.9412038947,823
319264.1910053707,824
257180.17161148778,825
327824.68826928973,826
390137.3422052417,827
293020.96359293646,828
356923.8428886226,829
395867.83972965355,830
367602.04838759464,831
405320.94834309083,832
263820.1950072577,833
277657.3904927669,834
308398.1226441325,835
339566.87416981196,836
298173.8858762252,837
254837.1669051856,838
226518.43718809995,839
247776.24969411115,840
237887.13022441958,841
179474.85124377738,842
175801.4004711194,843
181664.89710425556,844
225738.28626655758,845
263648.76626754855,846
210763.5191815276,847
188548.087335504,848
172388.08387019462,849
169910.82932514342,850
173871.65455552322,851
169313.4346445847,852
176707.4952762731,853
180120.44791746876,854
166853.68360128914,855
173947.63628659933,856
182518.9221642494,857
226884.08171408135,858
177165.62596993125,859
184132.5188756779,860
174868.11238971588,861
208151.32280599678,862
170964.28555077454,863
198161.02410730184,864
206358.43945244694,865
174831.4943487083,866
175953.6457868558,867
319388.05287144805,868
360711.96406159847,869
292875.29710416857,870
234133.04210827444,871
257733.8470931645,872
285724.0611925569,873
193663.43279769324,874
240244.57554275807,875
227028.74093741126,876
346878.4219966596,877
210662.61367557917,878
228463.60526534123,879
214927.74469187652,880
208239.54674673016,881
231664.68462394286,882
212838.2025967597,883
194576.06919080357,884
223940.47134158132,885
167296.91188911741,886
254468.791643001,887
245836.23820790902,888
245580.31183949357,889
223986.56648191978,890
126335.14785795701,891
136722.4783265338,892
153527.3784271917,893
192788.61244578383,894
183507.084820498,895
142082.16944810943,896
126538.88537967045,897
143855.7150333062,898
255721.16881756345,899
141402.59519699152,900
158393.73999237997,901
210382.29977502642,902
195244.93917635822,903
224518.9508009691,904
197140.14329252805,905
217949.1625312437,906
159767.24772844493,907
162112.81283709465,908
187824.19254150888,909
244425.54629274958,910
276116.6712986587,911
237583.32701512318,912
252405.10014549393,913
311428.64441072906,914
152010.83710880642,915
190778.4404446248,916
150717.30370645018,917
170464.7647080833,918
193475.99905799597,919
206564.14510354825,920
224736.69193300692,921
161083.92474051708,922
145873.10724635006,923
137114.5885094372,924
106784.05248398353,925
131882.1424261127,926
146462.9990999154,927
142934.04650148237,928
124582.19420828974,929
167996.75960522096,930
151755.94762095096,931
198140.5064602464,932
152526.24815313012,933
204752.43142357466,934
137290.0910833468,935
64144.00538812474,936
64126.89642682548,937
121261.70200178564,938
142569.24628555804,939
151707.29405343716,940
144992.0692385047,941
164061.2368431405,942
146493.62413104618,943
129732.07961286194,944
143916.43008676008,945
135176.73654492357,946
169755.0744733249,947
126492.3797445762,948
156557.44663908012,949
140057.3351665377,950
139950.00131857008,951
148024.4690908361,952
136714.1835280301,953
143033.36343987304,954
132278.9121561716,955
137766.85093936988,956
130271.77931769572,957
144502.6668740659,958
124491.13470437052,959
113579.59342287568,960
151495.27913027848,961
195781.2331282546,962
132907.43560118793,963
122143.70306529364,964
178976.2911927783,965
125590.94941766985,966
140358.68344291675,967
123565.56418988576,968
140816.31565456727,969
146950.7206956279,970
143585.6762946508,971
152599.59644595737,972
113170.47258039721,973
120967.84250459715,974
125082.31286635298,975
118724.88626361456,976
132462.54427782595,977
106734.1683617631,978
110548.63038114819,979
128602.63938376104,980
131959.05893477314,981
98324.60745263429,982
134421.7326276311,983
189667.28608178152,984
148260.4853206698,985
113352.72513890924,986
151594.02962288557,987
131269.42900890205,988
202530.15677113994,989
101205.03774699756,990
121215.07362028168,991
127310.60028687766,992
136252.64417425383,993
125727.36967282923,994
133567.7136745259,995
117915.27309564633,996
147672.697929086,997
130171.23824359052,998
137411.35217423373,999
128716.92343927064,1000
180839.2057943895,1001
143159.48273363136,1002
128617.44776530597,1003
148442.71168160852,1004
100064.43806828465,1005
104235.09151483008,1006
183587.94061316902,1007
196376.8702677027,1008
170873.41189613062,1009
117734.55862040372,1010
100778.00281924367,1011
209617.3745267219,1012
122224.1016790361,1013
132426.65026420337,1014
152621.87165511068,1015
117630.75892761612,1016
147837.6414201451,1017
130816.63084225496,1018
130510.68343128002,1019
124383.34597000819,1020
130802.22119921597,1021
131282.79145622475,1022
159939.4106349267,1023
174938.80698809653,1024
163424.01816220992,1025
145147.29732535066,1026
94969.23533217298,1027
181133.03438028737,1028
141317.99995788478,1029
154300.91334300878,1030
103875.33896442261,1031
222260.4694737894,1032
159489.7656035859,1033
120054.14303329535,1034
98985.69602186194,1035
132619.5898042752,1036
144917.8296352667,1037
146877.4631433198,1038
110079.07830339819,1039
140234.28075491675,1040
206174.10766379582,1041
246135.64537429047,1042
280607.9950431576,1043
247057.258899529,1044
216826.263593302,1045
222452.98502104692,1046
180368.228725687,1047
201290.1529570941,1048
208349.61515215616,1049
246067.05733728618,1050
150221.2004250646,1051
161544.84677642598,1052
142829.0832862729,1053
151175.58098425146,1054
216108.6116752361,1055
206236.40016961592,1056
187708.68234323652,1057
206708.65160798002,1058
128995.8648921,1059
138990.63702420788,1060
143082.9346941242,1061
140556.500450152,1062
127986.07426456436,1063
132544.2865336187,1064
135178.79048280645,1065
117032.08672327147,1066
232494.6605617581,1067
211600.7302813115,1068
191104.70956233432,1069
231217.46983271177,1070
283238.929008934,1071
212720.8707608906,1072
229154.39548307093,1073
178178.69993546559,1074
184210.14235130782,1075
176291.62210576737,1076
180763.2942141425,1077
158626.6527021512,1078
130615.65072162719,1079
126351.48398205319,1080
143075.98142070643,1081
144915.09176773782,1082
142543.4630285589,1083
150892.7710024673,1084
150358.95130212084,1085
514120.6798751766,1086
141495.5772972207,1087
130038.16595966782,1088
78986.14334812765,1089
110674.18188850349,1090
128927.9089386798,1091
103113.96711870244,1092
114446.43561788133,1093
141255.74122803708,1094
145281.0627337009,1095
139891.36712296683,1096
150005.7701738726,1097
141909.7290636479,1098
149772.01248850746,1099
188480.4082735753,1100
129303.71056994892,1101
155017.7879929814,1102
136896.63755226013,1103
171266.93189040292,1104
189457.06471180113,1105
124856.68654192411,1106
175669.17984917806,1107
164099.07374157902,1108
221255.11942339697,1109
232733.25710847494,1110
140774.08122698803,1111
120784.59003048319,1112
97585.13589231626,1113
77760.7356028647,1114
111770.16611040036,1115
118506.57455818036,1116
119270.25903316024,1117
244232.72922576196,1118
156859.99375341693,1119
175470.4758150101,1120
205885.8191812943,1121
192573.22230063676,1122
154585.0352072855,1123
151350.62206102564,1124
198718.1125506959,1125
201416.75381974567,1126
208311.24499203524,1127
241593.237354297,1128
176016.1483668257,1129
200750.99225529155,1130
285190.383145647,1131
187277.3506612001,1132
258562.13461088313,1133
307809.06787069124,1134
133043.27886586983,1135
149044.42114500064,1136
94967.23665564955,1137
99523.24066045979,1138
86288.95593383149,1139
95531.71489346877,1140
146033.0244005775,1141
185771.99639395755,1142
188588.00606379058,1143
158173.72769564626,1144
105089.1529238327,1145
139799.94771750786,1146
149040.0267244497,1147
132751.54740168664,1148
130506.18993241416,1149
156961.40937102892,1150
148058.90745691533,1151
178031.39771848387,1152
200548.48699232144,1153
211227.21128196086,1154
169915.87835814757,1155
176521.30883403477,1156
176929.15102639722,1157
240062.07366200068,1158
278244.7675669793,1159
292765.37462484033,1160
168962.5878802325,1161
174257.44044651493,1162
390097.21580811724,1163
445294.67238451506,1164
317861.79262611835,1165
408576.45257067145,1166
366856.1491656447,1167
283771.235135739,1168
348010.25686725264,1169
159176.4460407204,1170
186515.94429912668,1171
178759.20695849956,1172
231318.27893206215,1173
178710.85647050047,1174
155253.69622346683,1175
114477.92550930631,1176
183467.17354600294,1177
116196.27937117,1178
130190.56322912296,1179
117454.87948105042,1180
111457.24825936735,1181
115543.2941704387,1182
146104.25308533505,1183
136538.45468718253,1184
147385.17407425266,1185
151109.28398157583,1186
356892.38891882286,1187
244271.58656643526,1188
237902.7289339126,1189
348005.12951310026,1190
288652.8612072661,1191
312388.3604096863,1192
272394.932230805,1193
270368.361820068,1194
303448.0575818661,1195
307557.4308648042,1196
321702.5943924208,1197
261357.3426595482,1198
257641.78085872473,1199
288021.8204868507,1200
270985.9821302027,1201
165116.3644947889,1202
177055.11233145132,1203
177407.52337748354,1204
260024.1444555153,1205
178988.54661919657,1206
186493.15916251528,1207
189437.5213223785,1208
187925.13426253083,1209
174652.7968748899,1210
187864.17154713062,1211
183268.41483704583,1212
231411.5096234359,1213
250076.12341547786,1214
260391.56836821238,1215
353273.960358726,1216
285439.6101832844,1217
438598.14088786393,1218
293431.7622018299,1219
297574.7062556614,1220
243421.05860293828,1221
257483.5231024254,1222
215823.84667197068,1223
204993.7949231759,1224
352961.3987563882,1225
182294.5821535491,1226
130438.05831098613,1227
193356.6588094905,1228
130001.80967216751,1229
188957.08159406332,1230
181831.1307206759,1231
179660.87149389216,1232
181279.5948979015,1233
173435.11258494813,1234
164240.182995338,1235
154673.6265843356,1236
129627.42571148799,1237
134749.60803078636,1238
139830.3469778766,1239
124773.61421407758,1240
126949.38132172295,1241
136556.97168297155,1242
136417.58092397242,1243
104627.72563378947,1244
127775.46389761253,1245
250884.55693045043,1246
311305.4679346192,1247
171939.59779027753,1248
153259.08236544588,1249
167226.40248950015,1250
150033.30544824345,1251
180081.16045347418,1252
221461.12751938746,1253
151164.76074960304,1254
175674.3860748133,1255
139997.01878579584,1256
158931.51076858977,1257
145729.989645936,1258
131320.155854588,1259
136894.18775922246,1260
146597.20874431104,1261
165323.69959983687,1262
169589.72405191796,1263
137023.819594316,1264
146395.47096807347,1265
132458.0625224298,1266
133298.08273942964,1267
146930.58389131248,1268
147498.8806799565,1269
139148.70953685822,1270
146136.9377044042,1271
122508.57705565316,1272
147639.32574158142,1273
165615.6753752883,1274
144428.33890751764,1275
149935.83720753528,1276
154969.0337425622,1277
148019.83085968194,1278
154239.7727879317,1279
143889.7987084559,1280
138276.4357228475,1281
147082.1573757819,1282
127349.74324599262,1283
133946.64833379886,1284
139362.71859438985,1285
137987.30030501552,1286
199025.01294674978,1287
160155.99542713517,1288
216558.83859711463,1289
143501.84276499265,1290
94332.16833601918,1291
78885.62995409594,1292
93471.67801074867,1293
150087.55026219846,1294
136818.69824119407,1295
151635.15491684058,1296
152388.0774620189,1297
183342.65441545262,1298
151841.5330700636,1299
253643.66777935554,1300
130903.4799745027,1301
92057.53819360613,1302
130390.10953697428,1303
138000.04420171908,1304
153582.7616095922,1305
123098.85988287655,1306
108452.1791430004,1307
154987.11568860358,1308
144519.16359472662,1309
126012.15150470588,1310
144094.7475983186,1311
153025.57385264544,1312
119478.6990999569,1313
136351.66941696292,1314
118921.52609261012,1315
104790.22489588728,1316
103796.01870470162,1317
103501.37171835032,1318
128803.88418649354,1319
131407.90799808188,1320
77749.32298922542,1321
133907.4800599147,1322
88471.67084376741,1323
180934.77099627125,1324
91541.95572927315,1325
125360.08507121801,1326
66879.24562634586,1327
168004.8934033364,1328
102382.46717375671,1329
127546.57097833822,1330
108995.33668185594,1331
207366.79137270412,1332
116221.75136221916,1333
121986.93172739167,1334
76420.29827827535,1335
119895.18156396467,1336
140048.2516642109,1337
184336.2529840276,1338
128579.04408448222,1339
104824.40861724081,1340
102895.67120174743,1341
161763.61187314862,1342
145992.07741684577,1343
142551.37216666606,1344
136258.21130425207,1345
156813.68636105716,1346
154642.72200476058,1347
172743.27652508885,1348
170036.99283475094,1349
112506.77945025449,1350
223960.45278198062,1351
143710.097648383,1352
133552.07376157108,1353
162540.9086272235,1354
136135.41639338477,1355
121051.09919255182,1356
188805.37420559552,1357
290735.80452586565,1358
166757.98016574996,1359
137171.33612205522,1360
135002.06824448606,1361
152655.3022686584,1362
202782.28939027997,1363
186809.19971947075,1364
219494.88718350022,1365
179135.42481471182,1366
216296.60981015684,1367
268802.2846518248,1368
203956.796511674,1369
216187.573960124,1370
187988.5628060317,1371
161722.57983678541,1372
150646.08874318088,1373
173772.82185482315,1374
196148.64896306448,1375
195218.9219021197,1376
212887.60403859554,1377
151796.40169890245,1378
161080.4204203611,1379
124979.88055733783,1380
197970.08113883424,1381
188704.0446383589,1382
211029.69658332664,1383
195256.52221146598,1384
256696.46186417653,1385
212366.34655345883,1386
216757.3327421195,1387
216596.85497074598,1388
142297.21077476133,1389
194843.04387824622,1390
192120.33915810002,1391
182695.34527058405,1392
189062.9153181137,1393
126330.10405921849,1394
123875.1628413583,1395
132820.75763569903,1396
187951.98053818033,1397
121852.06971261505,1398
226300.67965157202,1399
141111.05634553547,1400
156298.85177745417,1401
109259.58438795604,1402
114517.88076755108,1403
122570.52045318627,1404
134392.69901273766,1405
85671.05198828474,1406
65464.52529592795,1407
109244.40274507838,1408
144116.71617628864,1409
130257.83490867958,1410
164584.97121641872,1411
140372.33647367367,1412
161168.76874110915,1413
142048.21343939097,1414
119154.32531368964,1415
144033.5249959523,1416
164493.9235995271,1417
190314.0579071832,1418
191637.58447455257,1419
180297.6964946049,1420
198551.77802287476,1421
111615.53242430674,1422
140605.45267278317,1423
65607.58683994369,1424
92377.22737093024,1425
150172.74984363274,1426
60320.66789763798,1427
96742.26487892476,1428
66209.72398751529,1429
267680.128067548,1430
248965.05519155462,1431
199215.58419283238,1432
167829.70898558822,1433
214652.44019861717,1434
160819.10736116962,1435
202559.27338618893,1436
178404.33765776773,1437
292666.9337258139,1438
304725.88330111786,1439
90949.15743707116,1440
191030.36333720677,1441
116186.73724027781,1442
133750.25571489788,1443
159765.9719654599,1444
79202.25557720866,1445
94331.94894992697,1446
151530.38485218887,1447
94242.0270223564,1448
80744.82308245957,1449
83583.69581747653,1450
94728.74305181837,1451
159267.76840935927,1452
112728.9183430069,1453
208521.6092365743,1454
